{"cameraMode":{"drawMode":0,"name":"Shaded","section":"Shading Mode"},"sceneLighting":true,"audioPlay":false,"sceneViewState":{"showFog":true,"showMaterialUpdate":false,"showSkybox":true,"showFlares":true,"showImageEffects":true,"showParticleSystems":true},"in2DMode":false,"pivot":{"x":3.3312466144561769,"y":0.6813176274299622,"z":-3.6513681411743166},"rotation":{"x":0.0610177256166935,"y":-0.6638999581336975,"z":0.054490771144628528,"w":0.7433485388755798},"size":1.1868648529052735,"orthographic":true}